numbing of my feet	309538000
tightness in my throat	247323005
visual deficits	63102001
pain in my hands	53057004
resting pulse jumped to between 100 and 105	86651002
no energy all day	248274002
blood in my stools	405729008
acid reflux	698065002
hair was falling off	278040002
tingling hands	62507009
feel achy	47933007
pain in both knees	30989003
back spasms	203095000
cannot walk	282145008
cramping in toes	102551008
depressions	35489007
thinning at the back and sides of my head	278040002
cant walk	282145008
fluey feelings	95891005
foggy	419723007
high sugar attack	166892002
memory (sht term)loss	247592009
memory failure	386807006
atrophy	88092000
burning sensations in calves	90673000
noticible loss of muscle structure	88092000
diziness	404640003
vit c	77435011000036104
major menstrual cramps	431416001
cortozone injections	21779011000036103
weakness in upper arm muscles	309774006
cramping	55300003
pain throughout my body	82991003
knee throbbing with pain	30989003
muscle problems legs	129565002
movement is restricted and it is impossible to make a fist	70733008
brain feel kind of foggy	419723007
gas pains	271832001
short term memory dysfunction	247592009
hobbling around	16973004
legs began feeling very tired	80449002
general malaise	367391008
blood pressure had gone sky high	24184005
severe fatigue in my body	84229001
excessive hot flashes	238810007
liver damage	235856003
severe leg muscle weakness	309774006
tingling toes	62507009
exhaustion	60119000
felt like i had been run over by a truck	102480002
mentstrual cramps	431416001
felt just strange	367391008
charley horses in legs	54981004
anorexic	79890006
hot flashes	238810007
bleeding inside	131148009
muscles quivering	60238002
legs tingling in	429783005
achiness	22253000
sensations of tingling in my legs	429783005
always tired	267032009
legs are killing me	10601006
knee hurt	30989003
backache	161891005
blurring eyesight	246636008
couldn't walk	228158008
kneejoin paint	30989003
went down stamina	248277009
calves are sore and tender to the touch	300954003
hands are somewhat numb	309521004
burning	90673000
persisten feeling of tiredness	267032009
weakness in muscles	26544005
blurring vision	246636008
migrane headaches	37796009
excessive sleep	77692006
increase in sleep requirement	77692006
right heel pain	2733002
arthritice	3723001
very severe itching	418290006
dull headaches	25064002
pain really bad	76948002
pain in the shoulders	45326000
finger stiffness	271587009
gastritis	162076009
went down muscles	26544005
gas pains back	271832001
big time flatulence	267052005
weakness in back	309774006
muscle pain in the calves	288231001
charley horses in breasts	54981004
uterine cramping	29542008
pain in my thighs	78514002
muscle pain in left elbow	74323005
ears ringing	162352007
very painful muscle aches back	161891005
muscle cramps in ribs	203095000
hard to sleep	301345002
left shoulder is terribly painful	45326000
feel like i got hit by a truck	102480002
ibruprofen	21885011000036105
cramping in both quads (above knee, back of leg)	449917004
increase in blood pressure	24184005
memeory problems	386807006
elbows sore	74323005
sore shoulder	45326000
fatiqued	84229001
muscles feel like a wet dish rag	26544005
feeling horrible like a severe flu just hit me	213257006
pain in shoulders	45326000
worst pain i have ever experienced	22253000
pains in legs	10601006
short term memory affected	247592009
terrible muscle pain	68962001
muscle knots up	55300003
head hurting	25064002
numbness in left toe	309539008
terrible pain in my ankles	247373008
fatigue, increased	84229001
joint discomfort	57676002
can hardly walk	228158008
vomitting	422400008
tightness in legs	250069006
eyesight has changed	63102001
painful heels	2733002
extreme leg weakness	309774006
gass	162076009
constant aching/pain	22253000
serious pain	76948002
had pains throughout my upper body	102480002
fingertips scaly	16386004
diarea	62315008
cpk mildly elevated	166717003
numbness on left side	44077006
felt like i was coming down with flu	95891005
neck pain	81680005
joint pain in legs	267953003
thining hair	278040002
soreness in upper back	279038004
reduced mental capabiities	386806002
sore legs	10601006
bled heavily	131148009
hurts to go up stairs	425423002
sore muscle	68962001
aching pain in my arms	102556003
leg muscle inflamed	288231001
pain in both quads (above knee, back of leg)	78514002
plantar fasciitis of my left foot	202882003
more tiered	224960004
charley horses in abdomen	54981004
aches and pain from head to toe	82991003
feeling exausted	84229001
pain in the legs	10601006
heavy aching legs	161873000
fogginess	419723007
loss of muscle in left leg	88092000
tingly hands	62507009
felt generally terrible	213257006
raised blood pressure	24184005
it hurts	22253000
extreme forgetfulness	55533009
flu symptoms	95891005
heart disease	56265001
very blurred vision	246636008
drive is knocked down	277521002
can't sleep	193462001
cramping in hamstrings	449917004
ache all over	82991003
laziness	277521002
very painful muscle aches in the neck	68962001
leg muscle pain	68962001
vitamin c	77435011000036104
sleep loss	301345002
extreme nausea	422587007
loss of libido	8357008
excessive gas	162076009
stomach gas	162076009
knees hurt	30989003
muscle pains in my hips	288230000
muscle loss	88092000
flushing	238810007
burning ankles	90673000
achy legs	10601006
lassitude	13791008
mild cramping	55300003
cpk spike	166717003
excruciating pain	67849003
diahrea	62315008
type 2 diabetes	44054006
diarreah	62315008
couldn't sleep	248255005
soreness in calf muscles	288231001
elbow painful	74323005
limits my ability climb stairs	165247006
everything hurts	82991003
horrible fatigue	84229001
spasms	45352006
muscles hurt	68962001
gastrointestinal problems	162076009
heavy menstral bleeding with clots even though i had just finished my cycle a week before	386692008
gas/wind	162076009
body pains	82991003
severe sudden onset headache in the back of head	25064002
felt like a truck hit me	102480002
debillitating leg pain	10601006
breathing problems	230145002
cramps in thigh	449917004
recks my muscles severly	129565002
stomich ake	271681002
occasional dizziness	404640003
no sleep	248255005
hair losss	278040002
rhuematoid arthritis	69896004
always exhausted	60119000
legs twitching	60238002
back pain upper	279038004
muscle fatigue	68962001
could hardly move	8510008
hands sore	53057004
turning in bed is painful	425423002
weird toe tingling	62507009
cramps	55300003
intestinal pain	9991008
very shaky	26079004
chest aches	29857009
difficulty thinking	247640008
intense depression	35489007
severe joint aches	57676002
decrease in sexual desire	8357008
general malaise	162076009
numbness in my shoulder	298753001
gastric problems	162076009
pain on the sole of my feet	47933007
severe headaches	25064002
comfortably couldn't walk	228158008
unable to focus	60032008
type2 diabetes	44054006
extreme muscle problems	129565002
liptor	3877011000036101
charley horse in my side	54981004
thighs muscle pain in the	288230000
general fatigue	162076009
plantar fasciatis	202882003
hurt to walk	426899007
tired all the time	224960004
""" fluey"" feelings in upper arms, legs"	95891005
higher blood sugars	166892002
elbows burning	90673000
dizzieness	404640003
numbness in ankles and toes	309537005
toe cramps	449917004
pain in their toes	285365001
confusion	40917007
calves hurt	300954003
anorexia	79890006
restless leg syndrome	32914008
gastro effects	162076009
loss of muscel strength	26544005
lost some body balance	387603000
toes became so painful	285365001
stomack pains	271681002
leg muscles painful to light pressure	425423002
charley horses in shoulders	54981004
slight flush	238810007
severe muscle back cramp	55300003
knees aches	30989003
threw up	422400008
chest ache	29857009
acid reflux-type symptoms	698065002
drowsiness	271782001
muscle problems	129565002
numbness and tingling in my hands	309521004
loss of muscle	88092000
joint pain in my shoulders	267949000
fatigue in forearms	80449002
heel pain	2733002
legs ache	10601006
tingling in extremities	62507009
drained	13791008
hips hurt	49218002
vomited	422400008
knees seized up	249913002
muscle weakness causing nerve damage and imbalance	26544005
severe heart disease	56265001
barely walk	228158008
facial swelling	278528006
joint pain in my hips	49218002
terrible pains in knee	30989003
swelling face	278528006
tinninitus	60862001
abdominal cramps and pain	9991008
leg weakness	309774006
terrible short term memory problems	247592009
vertigo like symptons	399153001
light-headedness (hurt to hold my head up or turn my head from side to side and that made driving real difficult)	386705008
muscle cramps in legs	449917004
hair fell out	278040002
flatulance	267052005
pain around the hipjoints	49218002
foggy thinking	419723007
heart attach	22298006
sinivastatin	21242011000036102
constantly weak	13791008
deep depression	35489007
worse migraines	37796009
leg cramps	449918009
calves tire and burn	300954003
back pain lower	279039007
loss of strength	26544005
severe back spasm	203095000
very blurry eyesight	246636008
hand being asleep	309086004
liver disease	235856003
it's a chore to just walk around	228158008
lipitors	3877011000036101
top outer thigh muscle starts to feel very warm, then get numb and lastly it starts to feel very cool (like the icy hot patch)	309537005
feet pains	47933007
could not sleep well	301345002
left foot started hurting	47933007
muscles weak	26544005
sleep is not very sound	301345002
armpain	102556003
coenzyme q10	77424011000036100
tummy pains	271681002
muscular aches	68962001
eyesight problems	63102001
flu like symtoms	95891005
tingling and sunny sensation on my face	62507009
muscle aches in chest	68962001
eyes get blury	246636008
pain in elbows	74323005
ache was extreme, almost unbearable	76948002
uterine cramps	29542008
heels hurt	2733002
at times felt like i'm going blind	63102001
tylonol	3080011000036109
muscle disintegration/degeneration	88092000
muscle pain in legs	288231001
cramps in my fingers	250082003
muscle aches & pains	68962001
liver enzymes sky-high	166643006
drained and tired	224960004
restless legs	32914008
blured vision	246636008
fatigue	84229001
joint pain	57676002
ball of my left foot was so painful	47933007
fatique	84229001
hand numbness	309521004
severe numbness in hand	309521004
lower leg weakness	309774006
burning back pain	161891005
body stiffed during sleep	271587009
"""back labor"" pains"	161891005
cramps in legs	449917004
buttocks cramps	55300003
dioreaha	62315008
difficulty to walk	228158008
chest hurt	29857009
could barely walk across the room	228158008
loss of concentration levels	60032008
co q 10	77424011000036100
severe back spasms	203095000
legs painful to the touch	10601006
loss of short term memory	247592009
doesnt sleep very well at night	301345002
arthritis strength tylenol	3384011000036100
so weak	13791008
hematuria	34436003
puking	422400008
aches and pains in my back	161891005
vertgo	399153001
eye sight changes	63102001
tylenol extra	3080011000036109
inflammation in my back muscles	55300003
not motivated to do anything	277521002
extreme moodiness	286641001
bearly walk	228158008
arm pain	102556003
joint pain in the hips	49218002
chest tightness	23924001
super dry skin	16386004
muscle weakness in plantar muscle	309774006
athritic pain	57676002
muscle spasms in leg	449917004
pain in the lower legs	300954003
muscles aches	68962001
pain in shoulder-feels like arm pulled out of socket	45326000
stiffness in both knees	249913002
sore	22253000
numbness in my hands	309521004
liver enzymes elevated	166643006
flu like syptoms	95891005
increase my heart rate	3424008
uterus starting to have spasms	29542008
terrible abdominal pain	21522001
mentally weaker	419723007
arthritic pain	57676002
terrible musche aches	68962001
tintinitus	60862001
rhabdomyolysis/muscle loss	88092000
stiff quad area	225609009
memory confusion	40917007
damaging your muscles	129565002
calf sensation turned painful	300954003
pain was too severe	76948002
burning sensations in legs	90673000
feel flu like	95891005
could not even walk in the morning	228158008
abdominal cramping	9991008
ibu	21885011000036105
bottoms of feet hurt	47933007
tight throat	247323005
emotional changes	18963009
ache and discomfort in my legs	10601006
gut wrenching pain	76948002
complete body flushes (like a hot flash without the hot)	238810007
mini-strokes	230690007
unable to climb stairs	165247006
stomach upset	162059005
aching in hips	49218002
left leg, below the knee, experienced stiffness	225609009
lack of enthusiasm	277521002
balance loss	387603000
elevated levels of high cholesterol	166830008
horrible muscle pains	68962001
depresion	35489007
ringing in the ears	60862001
legs were hurting too much	10601006
weird tight feeling in chest cavity	23924001
fatigued	84229001
high sleep requirement	77692006
tired or burning muscles	80449002
blood clots in urine	34436003
aggitated	24199005
couldn't remember where i left my dog 10 minutes before	386807006
pain in every tendon in my body	21545007
my legs became lead	161873000
muscle weakness in my left arm	309774006
bad muscle pains	68962001
litpitor	3877011000036101
difficulty concentratiing	26329005
muscle aches in elbows	288228002
cortison shots	21779011000036103
parkinsons	49049000
aches in hip joint	49218002
arthritis	3723001
heart-attack	22298006
impaired memory	386807006
stiff	271587009
muscle weakness in back	26544005
heart attack	22298006
heart desease	56265001
foggy-headedness	419723007
thinking problems	26329005
legs are very weak	80449002
pain pain pain	22253000
back aches	161891005
cognitive impairments	386806002
trouble concentrating	26329005
inability to sleep well	301345002
problems with memory	386807006
muscel fatigue	80449002
severe stomach cramping	51197009
elbows would burn like fire	90673000
felt weak	13791008
migranes during sexual intercourse	37796009
flatulence	267052005
numbness in my shins	309537005
tylenol 8	3080011000036109
joint pain in hips	49218002
losing strength	26544005
muscles had become weak and stressed	26544005
excessive mestrual bleeding	386692008
spasms all throughout my legs	45352006
severe neuropathy	386033004
deppression	35489007
pravachol	3848011000036104
pains in his legs	10601006
very sore muscle pain in both shoulders	288226003
lipitor's	3877011000036101
tylenol	3080011000036109
tingling face	62507009
chronic knee pain	30989003
muscles pain	68962001
pain in stomach	271681002
tendonits	34840004
muscle aches and pains	68962001
headaches	25064002
cannot walk even a short distance due to pain	282145008
mind was starting to deteriorate	419723007
elevated bp	38341003
strange poisen-ivy like rash on chest and breast	271807003
leg support weak	309774006
heel tendon bruising	34840004
itches	418290006
back pain in the am	102556003
calves muscle pain in the	300954003
genitals and lips excruciating	162076009
felt like i had lead in my legs	161873000
increased heart rate	3424008
weakness in my legs	309774006
tingling in muscles of upper torso	62507009
ankles ache so bad	247373008
no concentration	60032008
cramping in calves	250084002
toes painful	285365001
severe cramps	55300003
fell asleep while driving	77692006
q10	77424011000036100
loss of sex drive	8357008
lightheadedness	386705008
tylenol #3	3080011000036109
severe joint pains	57676002
difficult for me to walk	228158008
pain in their shins	10601006
loss of muscle mass in face	88092000
loss of support in all muscels in particular calf and leg	26544005
no motivation	277521002
hurts to get out of a chair	425423002
severe colon cramping	9991008
parkinson	49049000
head hurt	25064002
muscle pain in neck	81680005
joint aches in calves	267953003
acute pain in both feet	47933007
increase in level of fatigue	84229001
weakness in thighs	309774006
pravichol	3848011000036104
exhausted	60119000
muscle achs	68962001
lots of gas	267052005
pain in upper legs	78514002
leg soreness	10601006
always feeling tired	60119000
lipitor	3877011000036101
body pain	82991003
pain in my neck	81680005
severe abdominal cramps	51197009
increased weight gain	262286000
no sex drive	8357008
burning of shoulders	90673000
severe uterine cramping	29542008
right foot hurts	47933007
balance off	387603000
coronary disease	56265001
c q10	77424011000036100
blurred vison	246636008
short term memory problems	247592009
unexplained fatigue	84229001
very bad pains in hands	53057004
coronary problems	56265001
acidic bile in my mouth	698065002
discomfort when i walk	426899007
motrin	21885011000036105
excessive sleep requirements	77692006
moodiness	286641001
sore hip(tightit band)	49218002
simivastatin	21242011000036102
ra	69896004
thighs sore	78514002
coenzyme10	77424011000036100
occasional leg cramps	449917004
extreme tiredness	84229001
cramping of the leg muscles	449917004
no feeling in right leg	429783005
abdominal gas	162076009
debilitating	13791008
menstrual cramps with vaginal bleeding	431416001
cramping in back muscles	55300003
menstrual cramps without vaginal bleeding	431416001
inability to think clearly	247640008
muscle soreness in my forearms	288228002
last straw was ringing in the ears	162352007
every muscle from my waist down was effected	129565002
lots of pain in the muscles	68962001
thigh cramps	449917004
windy	267052005
aching (like the flu)	82991003
joint pain in thighs	49218002
very severe cramps	55300003
hand tremors	26079004
pain/cramps in both my legs	10601006
neck right down to my right shoulder blade is very very sensitive and very very painful	81680005
acute muscle pain	68962001
muscles pains	68962001
spasms in left arm	45352006
very painful pins and needles over entire foot	62507009
cause me to limp	16973004
coq	77424011000036100
big time depression	35489007
excessive drowsiness	271782001
migraines	37796009
sick to my stomach	162059005
cramp	55300003
tinnitis	60862001
light nausea	422587007
very bad headaches	25064002
finger tingling	62507009
lack of sexual drive	248096004
muscle twitching	60238002
persistent dry skin spots	16386004
feeling sick	213257006
muscle twitching in both arms	60238002
plantar fasciitis in my feet	202882003
gastro/ent	162076009
itchy hands	418290006
pain in my left thigh	78514002
glutes muscle pain in the	288230000
muscles in my chest started aching	68962001
low back pain	279039007
depression	35489007
loss of stamina	248277009
increased fatigue	84229001
excruciatig pain	67849003
diarreha	62315008
tingling sensation in the back of my neck	62507009
insomina	193462001
ringing in my left ear increased	162352007
muscle pain in thighs	288230000
fluish feeling	95891005
severe myopathy	129565002
sleepy	271782001
feel fatigued	84229001
gassy	162076009
foggy mental state	419723007
loss of muscle structure in the calf muscles	88092000
hips pain	49218002
belly weight gain	262286000
my toes ached	285365001
coq 10	77424011000036100
haven't slept	248255005
week	13791008
muscle cramping in leg	449917004
burning feeling	90673000
difficult to keep balance	387603000
could not walk	228158008
barely remember anything that has happened recently	386807006
finger pins and needles	62507009
mood changes	18963009
lack of libido	248096004
numb feet in toe area	309539008
couldn't walk across the room	228158008
could not walk without falling	228158008
joint pain in the knees	30989003
cholesterol climbed	166830008
muscle aches in arms	68962001
increased menstruation	386692008
cramping in back	55300003
aching muscles	68962001
tingling hands	309086004
toes went into muscle spasms	102551008
muscle aches in my lower back	279039007
muscle spasams in face and neck	55300003
wasting of muscles	88092000
blood sugar elevated	166892002
deep constant pain	426206001
cpk was elevated	166717003
exercise intolerance	267044007
loss of muscle mass in arms	88092000
fuzzy	247640008
muscle pain calf area	288231001
extreme muscle spazms in my lower back	203095000
tremendous neck pain	81680005
big weight gain in stomach area	262286000
dizzy	404640003
muscle aches in my shoulders	45326000
headace	25064002
reduced stamina	248277009
crabby	55929007
extreme fatique	13791008
very severe pain in hands	53057004
general muscle soreness	162076009
face had swollen up	278528006
forgetfulness	55533009
pain in my shoulders	45326000
calf pains	300954003
ibuprofen	21885011000036105
stomach aches	271681002
slightly dizzy virtually all the time	404640003
numbness in arms	298753001
lost a lot of muscle and replacedit with fat	88092000
stomach queasy	422587007
muscle fatigue	80449002
heart attackes	22298006
leg muscle soreness	288231001
b/l shoulder pain	45326000
pain in my stomach	271681002
hips ache	49218002
weak legs	309774006
shaky	26079004
massive diarrhea	62315008
joint pains	57676002
mild insomnia	193462001
muscle fatigue in my forearms	80449002
weak & wobbley knees	309774006
joints aching	57676002
leg pains	10601006
knee pain	30989003
excrutiating pain	67849003
lower back ache	279039007
stiff knees	249913002
severe acid reflux	698065002
neck muscle pain	81680005
aches and pains	82991003
painful time lifting my own arm	425423002
short term memory is terrible	247592009
severe fatigue	84229001
my heart rate jumped to 106	3424008
affected my memory	386807006
face looks puffy	278528006
gas pains around my abdomen	271832001
hair loss	278040002
hardly walk	228158008
losing muscular	88092000
backpain	161891005
aching in knees	30989003
feel dreadful	367391008
right knee always sore	30989003
gastric bleed	162076009
couldnt walk	228158008
cholesterol level sky high	166830008
eye sight appeared foggy	246636008
back pain	161891005
bad gas	162076009
diarreah cramping	271832001
migranes	37796009
feet is painful	47933007
truble remembering	386807006
mood swings	18963009
pain in shoulders joints	45326000
damaged my liver permanently	235856003
chronic pain in all my joints	57676002
brain fog	419723007
pain in both upper legs	78514002
high liver enzyme counts	166643006
problems with tinnitus	60862001
lipitor(atorvastatin)	3877011000036101
loss of any sex drive	8357008
very fatigued	84229001
very painful joints	57676002
weakness in arms	309774006
numbness in both legs	309537005
very sore neck	81680005
difficulty breathing	230145002
bleeding	131148009
pain has been so intense	76948002
insomnia	193462001
loss of vison	63102001
muscle pain in hips	49218002
stiffness in leg joint	225609009
ankles and the soles of my feet feels like i was walking on hot coals	36031001
short term memory lacking	247592009
stomach irritation	162059005
legs ache so bad	10601006
can not sleep	301345002
spasm	45352006
elevated bloodb pressure	38341003
problems with my balance	387603000
intense pain	76948002
muscle aches in arms	288228002
tingly feeling in scalp	62507009
hard to breathe	230145002
increasing pain	22253000
fuzzy headed	247640008
gas pains in back	271832001
declining physical ability	13791008
shaking	26079004
severe pain in left leg	300954003
at times felt that i'm going blind	63102001
severe leg muscle cramps	449918009
gi hemmorage	162076009
sick to stomach	162059005
weaknesses in my legs	309774006
numbness in all of my toes	309539008
weakness in my right arm	309774006
urine is bloody	34436003
excercise intolerance	267044007
tendon pain	21545007
muscle aching	68962001
parkinson's	49049000
pins and needles feeling	62507009
mild joint pain	57676002
diahorea	62315008
constant back pain	161891005
leg heaviness	161873000
extreme muscle fatigue	80449002
chest pain	29857009
impaired my ability to take long walks	267044007
red spots all over my body	271807003
major sorness in elbows	74323005
feet sore	47933007
persistent pain in calf	300954003
bottom of my foot is extremely tender	47933007
joint soreness	57676002
sore neck	81680005
weakness in the calves	309774006
dizziness (fainting spells)	404640003
blurr vision	246636008
poor concentration	26329005
acute weakness in the muscles of whole body	26544005
muscle weakness from the pevis down to my toes	26544005
elevated cpk	166717003
aching joints shoulders	267949000
a lot grouchier	55929007
fingers twitching	60238002
bumps on both sides of my stomach that looks like chicken pots	271807003
sore leg joints	267953003
aching in legs	10601006
cramping in feet	102551008
visual disturbances	63102001
aches and pain in both shoulders	45326000
pain in my right heel	2733002
feel a bit weird	367391008
foggy brain	419723007
skin itching sensations all over body	418363000
fuzzy thinking	247640008
cramps in hands	250082003
back discomfort	161891005
abdominal pains	21522001
server pain	76948002
pain and stiffness	22253000
can barely walk	228158008
feeling tired all the time	267032009
only wanted to sleep	77692006
upset stomache	162059005
could barely move	8510008
neck ache	81680005
body aches	82991003
constant itching	418290006
muscular pain in the back	161891005
damage to my muscles	129565002
tendinitis	34840004
severn calf cramps	250084002
sick at stomach	162059005
sever stomach cramps	51197009
extremely tired	224960004
could not walk for three weeks	282145008
in legs weakness	309774006
back ache	161891005
clotting, and horrible periods	386692008
arm muscles melting	88092000
very severe pain in arms	102556003
tingly feeling in hands	62507009
lousy sleeping at night	301345002
disabling fatigue	13791008
diarhea	62315008
little gas	267052005
achy joints	57676002
legs started tingling	429783005
body stiffness	271587009
changes in mood	18963009
make me so tired	224960004
my feet feel like i have stone bruises just in front of the heel	47933007
muscle pain in shoulders	288226003
ankle hurt	247373008
in arms tingling	62507009
loss of sexual drive	8357008
fingers and toes were tingling	62507009
irratibility	55929007
could not stop shaking	26079004
loss of muscle mass in hands	88092000
abdominal cramps	9991008
permanent muscle damage	129565002
ached all over, especially in legs	82991003
hair loss (diffuse alopecia)	278040002
arthritic type pain in all joints	57676002
feel like i am in a fog	419723007
plantar fasciitis	202882003
feeling weak	13791008
muscel pain	68962001
artrotec	3384011000036100
elevated my blood glucose levels	166892002
pains in hips	49218002
severe upper body pain	102480002
lack of concentration	60032008
intense calf pain	300954003
chronic muscle pain	68962001
difficulty in walking	228158008
energy loss	248274002
foot pain	47933007
losing the feeling in his right hand	309086004
heart palpatations	80313002
abdominal pain	21522001
flu like symptoms	95891005
migraine	37796009
aches and pain in both arms	102556003
deep muscle pain	68962001
cholestorol which had jumped from 175 to 220	166830008
loss of muscle strength	26544005
unable to get out of bed	301676004
increase in cramping	55300003
can't even sleep at night	193462001
pruritus	418363000
get tired vry easily	162076009
tingling in my legs	429783005
charley horses	54981004
head has been twitching	249966004
tightness of throat	247323005
difficult to sleep	301345002
pain in neck	81680005
walking up the stairs was intolerable	165247006
forget things all the time	55533009
unable to concentrate	60032008
left side of jaw itches	418363000
very sore and achy joints	57676002
hands hurt	53057004
overall weakness	13791008
strokes	230690007
itch	418290006
period like cramps	29542008
spikes of pain so severe	76948002
decrease in balance	387603000
could not walk 75 feet	8510008
wind	267052005
nerve problems in shoulder	386033004
nauseous	422587007
pain in the lower part of my knees	22253000
muscle pain in upper back	279038004
elbow pain	74323005
balance problems	387603000
concentration is worse than ever	26329005
sore knees	30989003
very bad pains in shoulders	45326000
vomit	422400008
cannot concentrate	60032008
blury vision	246636008
irregular cramping	55300003
numbness in toes	309538000
severe tingling	62507009
couldn't remember who i had dinner with last night	386807006
stomach hurt soooo bad	271681002
heavy menstrual bleeding	386692008
shrinking muscels leg	88092000
vision is giving me problems	63102001
cholesterol was very high	166830008
muscles ached	68962001
lost all strength	26544005
muscle aches in my legs	288231001
pain in the pit of my stomach	271681002
muscle weakness in my right hand causing me to lose grip and drop things	309774006
low back pains	279039007
damage your heart	56265001
live damage	235856003
total muscel weakness	26544005
muscle pain in feet	47933007
horrible pain	76948002
rise in bp	24184005
aching pain across my shoulders	45326000
pain in my shoulder	45326000
weak & wobbley ankles	309774006
my head was foggy	419723007
dizzy spells	404640003
gassy abdominal cramping	162076009
effect on your memory	386807006
inability to walk	282145008
diahrrea	62315008
heart attact	22298006
debilitating muscle pain in my arms	68962001
cramping events in my legs	449917004
exhaustion after exercise	267044007
blood in my stool	405729008
irritable	55929007
throat tightness	247323005
lower back pain	279039007
memory impaired	386807006
calf muscle cramping	250084002
knees sore	30989003
muscle aches,	68962001
tinnitus in my left ear	60862001
unable to walk	282145008
extreme pain	76948002
pain in hip	49218002
calf leg cramps	250084002
twitching mouth	249966004
felt like i had the flu	95891005
lost some memory	386807006
deeper muscle twitches on butt	60238002
neck hurt	81680005
nausea	422587007
neurophathy	386033004
aching in back	161891005
body cramps	55300003
feel like an airhead	419723007
muscle pain related to shoulders	288226003
worse pain	22253000
chronic elbow pain in both arms	74323005
sever abdominal cramps	51197009
gets tired a lot	162076009
rash	271807003
calves joint pain in	267953003
low energy	248274002
pains in my hip	49218002
light-headedness feeling	386705008
cq10	77424011000036100
very confused	40917007
heart palputations	80313002
muscle aches in my neck	81680005
very bad pain in my muscles	68962001
numb leg	309537005
joint pain very arthritic	57676002
debilitating muscle pain in my legs	288231001
my feet hurt	47933007
heavy bleeding	131148009
cramping in calf	250084002
severe diarrhea	62315008
can't walk up stairs	165247006
mild cramps	55300003
muscle pain in the shoulder	288226003
growing depression	35489007
artritic	3723001
soreness of muscles	68962001
pain in ankle	247373008
muscle pain in left arm	288228002
constant twitching	249966004
body ached	82991003
severe muscle spasms	55300003
shin pain	10601006
loss of desire to do or accomplish anything	277521002
hands tingle	309086004
tingling in fingers	62507009
not as smart as i use to be	419723007
little pain	22253000
general feeling of malais	162076009
severe tintitinitis (ringing in ears)	60862001
aches in legs	10601006
weakness	13791008
legs are restless	32914008
decrease in overall strength	26544005
irreversible muscle damage	129565002
gasto discomfort	162076009
brown water	62315008
gi difficulties	162076009
queasiness	422587007
trouble swallowing	288939007
added weight	262286000
fatigue in arms	80449002
could not sleep	248255005
when i went to sit down instead of sitng normaly i would almost fall down in the chair no control no strength, upon getting up i had to hold on to something to get up	26544005
calves muscle pain in	300954003
tylenol 3	3080011000036109
general depression	162076009
nausia	422587007
neck muscle pain in the	81680005
hurt to get up	425423002
cant sleep	193462001
knotting muscles	55300003
legs feel tired	80449002
vitimin c	77435011000036104
muscle pain in hip	49218002
wicked back pain	161891005
light headedness	386705008
muscle atrophy	88092000
cardio event	22298006
agitated	24199005
lack libido	8357008
cramps in my feet	102551008
blinding headaches	25064002
tremor	26079004
rashes appear	271807003
headache	25064002
loss of energy	248274002
drowsy	271782001
rash on upper left torso	271807003
lower tendon pain	21545007
loss of sex drv	8357008
tighening of the chest	23924001
debilitating muscle pain in my back	68962001
neck pains	81680005
could only walk less than 100 meters	8510008
difficult for me to get out of bed	301676004
muscle ache	68962001
neuropathy	386033004
foot was hurting	47933007
slight muscle aches in my back	161891005
hand pain	53057004
tingling	62507009
muscular aches and pains	68962001
caused me to limp	16973004
head pain	25064002
lack of energy	248274002
aches in calf muscles	300954003
hair thinning	278040002
joints hurt	57676002
palpitations	80313002
blurry vision	246636008
difficult to concentrate	26329005
mild nausea	422587007
decreased libdo	8357008
constant pins and needles in the ball of the foot	62507009
glossitis	162076009
leg muscle and thigh problems	129565002
not as sharp mentally	419723007
cortisone injection	21779011000036103
flu-like malaise	95891005
i feel like i'm in a fog	419723007
pain in upper back (over left shoulder blade)	279038004
hard to get out of bed in the morning	301676004
feel pretty lousy	367391008
tachycardia	3424008
general feeling of weakness	162076009
dosent want to get out of bed	301676004
very serious depression	35489007
dizzines	404640003
cholesterol is high	166830008
cramps in thighs	449917004
lack of attention	79890006
wieght gain	8943002
difficulty sleeping	301345002
pain is severe	76948002
severe muscle cramping	55300003
memory fog	386807006
pulse was high	86651002
ankles started aching	247373008
feel sick	367391008
gastric pain	162076009
parkinson's disease	49049000
upset stomach	162059005
geting bad swets	162076009
gastric upsets	162076009
significant limp	16973004
high blood pressure	24184005
muscles in my left leg locked up	449917004
cortisone shot	21779011000036103
ball of the foot would feel as if it was inflamed	36031001
decreased stamina	248277009
direar	62315008
leg pain	10601006
massive triangular rash on my forehead	271807003
difficult to walk	228158008
restricted movement	70733008
itching of the skin	418363000
arthrites	3723001
weakened muscle	26544005
pain all over my body	82991003
feet still hurt	47933007
sore	68962001
lipitor (atorvastatin)	3877011000036101
toe cramping	449917004
frequently unable to think clearly	247640008
knew pain	22253000
pain bad	22253000
arthrotec 50	3384011000036100
charley horses in calves	54981004
burning feet in toe area	36031001
cramping in my stomach	51197009
stomach cramps	51197009
peripheral neuropathy in arms	302226006
tired more than ususal	224960004
hip hurt	49218002
spasms in leg muscles	449917004
tired lower arms and legs muscel	80449002
unable to sleep	248255005
extreme gas in stomach and intestines	162076009
diarhhea	62315008
lack of sex drive	248096004
tingling in my fingers	62507009
constant headaches	25064002
muscle soreness	68962001
muscle atrophy arms	88092000
hideously increased muscle tension	250069006
heaviness in the legs	161873000
extreme gas	162076009
muscle spasmns in legs	449917004
couldn't go up stairs easily	165247006
hair has started falling out	278040002
cpk elevated	166717003
gi bleed	162076009
muscle pains	68962001
cramping in both calves	250084002
terribe pain	76948002
sex drive has decreased	8357008
muscle issues	129565002
vitamin c crystals	77435011000036104
difficulty picking my feet up	228158008
damaged his liver	235856003
muscle in my angles hurt	247373008
developed sore legs	10601006
peripheral neuropathy in my hands	302226006
have no energy	248274002
moderate stomach pain	271681002
arms started going numb	298753001
uterine, cramps (menopausal for 20 years)	29542008
felt rotton all day long	213257006
decreased libido	8357008
damaging my muscles	129565002
walk was a very painful and a very slow	426899007
cramps in left leg	449917004
damaged my liver	235856003
loss of muscle mass in chest	88092000
twitch	249966004
muscle aches	68962001
intense heart pain	29857009
muscle weakness in mouth area	26544005
light headedness(problem keeping balance)	386705008
provachol	3848011000036104
hands numb	309521004
pain in hands	53057004
very severe pains	76948002
diminished mental acuity	419723007
pains through my hips	49218002
mental confusion	40917007
trouble walking	228158008
gas	162076009
muscle aches in calves	288231001
rheumatoid arthritis	69896004
memory difficulties	386807006
memory deficits	386807006
numbness hands	309521004
tingling in hands	62507009
strong tingling in one hand	309086004
reduced feeling below the knees	429783005
numb toes	309538000
muscle cramps in feet	102551008
spinning head	399153001
stiffness in both legs	225609009
miocardial infarction	22298006
can't walk	282145008
muscle cramps in my calf muscles	250084002
diarrehea	62315008
less muscle mass	88092000
ringing in my ears	162352007
aches in hands	53057004
peripheral neuropathy in feet and legs	302226006
cannot walk more than 5 yards	228158008
difficult swallowing	288939007
spike in my blood sugar	166892002
tingling extremities	62507009
low grade headache	25064002
aching in shoulders	267949000
knees stiff	249913002
moderate insomnia	193462001
numbness legs	309537005
loss of appetite	79890006
vitamins c	77435011000036104
losing muscle	88092000
can't get out of bed in the morning	301676004
very very blurry vision	246636008
concentration is poor	26329005
couldn't walk straight	228158008
blurred thinking	247640008
tiredness is at a high level	224960004
muscle crammps	55300003
tendons hurt	21545007
can't get out of bed	301676004
terrible pains in big toe	285365001
dibilitating problem with both of my arms	309774006
sore feet	47933007
blood began showing up in my urine	34436003
hip hurts	49218002
extreme fatigue	13791008
numness aching feeling to my left arm	298753001
calf cramping	250084002
spazms	45352006
painful joints	57676002
lack of sexual desire	248096004
arthrotec	3384011000036100
general body stiffness	271587009
feeling in a fog	419723007
arms weak	309774006
extreme fatigued	13791008
pain in the shoulder	45326000
terrible pains in ankle	247373008
shouldar ache	45326000
burning sensation	90673000
muscle pain in back	161891005
arthotec	3384011000036100
extreme itching on legs and arms	418290006
stomach discomfort	271681002
itching	418290006
constant pain	426206001
co-q10	77424011000036100
increased memory loss	386807006
muscle pain in right hip	49218002
jointaches	57676002
back soreness	161891005
very painful muscle aches in lower back	279039007
vision is so blurry	246636008
sleep alot	77692006
left heel pain	2733002
hip soreness	49218002
charley horse in one or both breasts	54981004
zombie like tired	224960004
lower leg pain	300954003
burning feet	36031001
severe abdominal cramping	51197009
numbness in all toes	309539008
weak muscles	26544005
tingling in feet	62507009
rapid pulse	86651002
periphael neuropathy	302226006
pain was worse	76948002
seriously upset my stomach	162059005
legs would go wobbly	309774006
weaker	13791008
aching muscles in legs	288231001
extra pains	22253000
sore back	161891005
pain in right thigh	78514002
tingling in back of neck	62507009
blurry eyesight	246636008
insomia	193462001
tenderness in the lower back	279039007
aggitation	24199005
muscels hurts	68962001
diaharrea	62315008
stomach ache	271681002
sore weak muscles	68962001
not being able to walk	282145008
extreme stomach pain	21522001
foot cramps	102551008
dizziness	404640003
arthritus	3723001
loss of drive	277521002
very bad pain	76948002
all-over muscle pain	68962001
muscle aces	68962001
starting to upset my stomach	271681002
arms painful	102556003
exhausted all the time	60119000
feeling tired a lot	267032009
attack of restless leg syndrome	32914008
quite ill	213257006
metal moods	286641001
dry skin	16386004
throw up	422400008
horrific cramps	55300003
gastrointestinal cramping	162076009
extreme muscle weakness	26544005
constant muscle tension in legs	250069006
muscle cramps	55300003
bathroom with the runs	62315008
abominal cramps	9991008
heart damage	56265001
lost muscular strength	26544005
mussel twitches	60238002
pins and needles on right arm	62507009
constant fatigue	84229001
room spinning	399153001
liver enzymes were very elevated	166643006
felt flu-like	95891005
muscle pain over the entire body	68962001
right knee is so painful	30989003
breathing difficulties	230145002
crabbiness	55929007
thinning hair	278040002
mild headache	25064002
painful stomach cramps	51197009
light head	386705008
persistent feeling of tiredness	267032009
feet joint pain similar to arthritis	57676002
sleeplessness	193462001
aches	22253000
feet pain	47933007
the heel i couldn't walk on very well	228158008
severe mentrual cramps	431416001
i can't stand or walk for any lengths of time	8510008
muscle problem	129565002
burning sensations in hands	90673000
tingling in side of face	62507009
thigh soreness	78514002
very severe pain in knees	30989003
cramps in chest	55300003
aching in toes	285365001
numbness	44077006
stiff upper leg	225609009
weak feeling	13791008
arthristis	3723001
slight muscle soreness in legs	288231001
geneal aches and pains	162076009
extremely fatigued	13791008
decreased energy	248274002
wrong with my liver	235856003
short term memory loss	247592009
vertigo like attack	399153001
terrible headaches	25064002
hobbling	228158008
hair falling out	278040002
painful shoulder	45326000
hypertension	38341003
hair is getting very thin	278040002
extreme uterine cramping	29542008
severe muscle spasms in my legs	55300003
pains in my back	161891005
left shoulder aches	45326000
felt very weak	13791008
fatigue in legs	80449002
could'nt walk	228158008
acidic bile at the back of my throat	698065002
numbness in upper legs from knee to thigh	309537005
heart attacks	22298006
ankle pain	247373008
numbness in toes	309539008
vit. c	77435011000036104
debilitated	13791008
cramping of the calf muscles	250084002
arm aching	102556003
deep ache from my waist down to the heels of my feet	82991003
nauseated	422587007
stomach is still sore	271681002
nagging muscle pain between and just below my shoulder blades	288226003
major sorness in knees	30989003
pain behind the knee	30989003
movement is restricted	70733008
rashes	271807003
pain has gone into my shoulder	45326000
so tired	224960004
heavy legs	161873000
high liver enzyme	166643006
acute pain in the legs	10601006
leg cramping	449917004
poor memory	386807006
very bad muscle pain	68962001
balance is off at times	387603000
severe burning of the feet	36031001
numb	44077006
difficulty/shallow breathing	230145002
feelings of fatigue	84229001
terrible leg cramps	449917004
back muscle pain in the	161891005
general muscle weakness	162076009
pain back	161891005
lower abdominal pain	21522001
intolerable itching	418290006
stiffness in my feet	225609009
soreness in shoulder	45326000
mild flatulance	267052005
ibuprofen 400 mg	21885011000036105
elevated blood pressure	38341003
constant soreness in abdomen	21522001
difficulty in swallowing	288939007
hip pains	49218002
severe stomach upset	162059005
bluss and ititching of the face	418363000
rheumatoid arthriitis	69896004
right hand tremor	26079004
muscle aches and pain	68962001
stiffness similar to arthritis	271587009
mild muscle pain	68962001
sex drive gone	248096004
very irritable	55929007
muscle aches in thighs	288230000
difficulties to swallow	288939007
working memory and short-term memory loss	247592009
joint pain (knees)	30989003
constant sleepiness	77692006
in forearms tightness	250069006
severe muscle cramps	55300003
terrible charlie horses	54981004
feet are cramping	102551008
liver enzymes to rise	166643006
lead legs	161873000
muscle pain in the lower back	279039007
could'nt concentrate	60032008
comfortably couldn't sleep	301345002
toes acking	285365001
chronic bone/joint pain	57676002
weight increased	262286000
weak and wobbly unbalanced	13791008
diahhrea	62315008
shroke	230690007
joint pain in knee	30989003
lower back is also tight	250069006
pain in arm	102556003
pain trying to walk	426899007
throbbing,burning sensation	90673000
muddled thinking	247640008
affected my balance	387603000
uncharacteristical moodiness	286641001
soreness in muscles	68962001
joint pain in my knees	30989003
hip joint pain	49218002
cholesterol high	166830008
ubiquinol	77424011000036100
insommnia	193462001
could barely get out of bed in the morning	8510008
chest pains	29857009
itchiness	418290006
body flushes	238810007
in both legs pain	10601006
trouble sleeping	301345002
very painful feet	47933007
hands are tingling	309086004
could hardly walk	228158008
extreme headaches	25064002
type ii diabetes	44054006
muscle pain just below shoulder blades	288226003
lack of appetite	79890006
off balanced-ness	387603000
extreme agitation	24199005
weariness of the leg muscles	80449002
tinititis	60862001
corti-cortisones	21779011000036103
calf pain	300954003
diffuculty thinking	247640008
lack of motivation	277521002
hurt to stand	425423002
rash on my wrist	271807003
blurred vision	246636008
feel like a bubble of air is stuck in my chest	23924001
blurriness	246636008
tired	224960004
aching over my entire body	82991003
aching joints	57676002
blood in bowel movements	405729008
cramping feeling	55300003
heavy menstral cycles	386692008
severe vertigo	399153001
soreness in shoulders	45326000
legs just ached	10601006
discomfort in right side upper and lower of stomach area	271681002
very painful muscle aches in calves	288231001
muscles are like boards they're so tight	250069006
intense, horrid pain	76948002
charlie horse in my calves	54981004
achy muscles	68962001
elevated blood sugar	166892002
decreased sex drive	8357008
weakness in my arms	309774006
chest pain left side	29857009
burning in the soles of my feet	36031001
terrible pain in my feet	47933007
malaise	367391008
pins and needles	62507009
feeling like my mind is fading away	419723007
ringing in the ears (tinnitus)	162352007
cannot sleep	301345002
aching joints knees	30989003
muscle pain	68962001
excess gas	162076009
chronic pain in all my muscles	68962001
arthritis pain	57676002
inability to concentrate	60032008
light headed	386705008
legs felt like they had run a marathon	80449002
left shoulder upper arm pain	45326000
head aches	25064002
muscle atrophy legs	88092000
whole body hurts	82991003
cramping in my hands	250082003
sore joints	57676002
diarrhea	62315008
hurts to get up in the morning	425423002
sore arms	102556003
mild stroke	230690007
can hardly sleep	228158008
inflamatory muscle pain	68962001
so much pain	22253000
hideous constant pain	426206001
pain in arms	102556003
gastro problem	162076009
tingling in arm and hand	62507009
terrible, migratory joint pain all over my body	68962001
bleeding constantly	131148009
falling asleep all the time	77692006
hard time sleeping	301345002
cramped	55300003
lipior	3877011000036101
stiffness	271587009
pain was unbearable	67849003
frequent headaches	25064002
tingling in my feet	62507009
pain in my stomach	21522001
excrutiation pain throughout my entire body	67849003
peripheral neuropathy	302226006
in both legs weakness	309774006
serious cramping hands	250082003
hip pain	49218002
i felt like i always had the flu	95891005
cognitive ability deminished	386806002
not able to remember things like whether i had done something or where i had placed something	386807006
red dots on skin all over body	271807003
restlessness in my legs	32914008
leg cramps	449917004
arm weakness	309774006
unbearable muscle pain	68962001
numbness in left foot	309538000
limp	16973004
mild flatuelence	267052005
tingling in my arms	62507009
muscle weakness	26544005
migrains	37796009
ability to concentrate	60032008
pain in every muscle	22253000
coenzymeq10	77424011000036100
elevated liver enzymes	166643006
muscles slightly sore	68962001
stomach trouble, or cramps	51197009
sore muscles	68962001
tingling in arms	62507009
tired most of the time	267032009
hurt	22253000
pain	22253000
joint aches	57676002
flu like synptoms	95891005
muscle weakness in ankle	309774006
extremely sick	213257006
joint ache	57676002
slight muscle soreness in arms	288228002
numb-like	44077006
inability to sleep	248255005
general degradation	162076009
cramping in my lower legs	449918009
deeper muscle twitches on thighs	60238002
loss of sexual desire	8357008
tingly	62507009
heart palpitations	80313002
cramping in legs	449917004
pain in shoulder	45326000
high bp	24184005
bad headache	25064002
spasms in my back	203095000
pain on outer sides of thighs	78514002
lower legs have been hurting	10601006
severe muscle pain in hip joints	49218002
type 11 diabetic	44054006
not be able to process thoughts	247640008
decrease in muscle strength	26544005
lost all the strength in my muscles	26544005
horrible back spasms	203095000
extreme weakness	13791008
blood in urine	34436003
lower legs hurt	10601006
pain in both legs	10601006
aching	22253000
diarrea	62315008
muscle dmaage	129565002
soreness	22253000
flared up tendenitis	34840004
mood change	18963009
couldn't sleep at night	248255005
blood pressure slightly elevated	24184005
alot of gas	162076009
in the triceps arm fatigue	80449002
burning of ankles	90673000
burning sensations	90673000
simvistatin	21242011000036102
constant pain shoulders	426206001
elevated levels of cholesterol	166830008
cognitive disfunction	386806002
muscle twitches	60238002
cramps in calves	250084002
pains all over body	82991003
stomach distress	162059005
pain with stomach cramps	51197009
problems concentrating	26329005
feet hurt	47933007
ackey leg cramps	449918009
bit drowsy	271782001
sore feet (faciitis)	202882003
elevated cpk levels	166717003
rematoid arthro	69896004
loss of range of motion	70733008
gained a lot of weight	8943002
musclesoreness	68962001
lack of strength	26544005
sore knee	30989003
muscle degenerating	88092000
horriable pain that almost throws me down	76948002
bad cramps	45352006
wild mood swings	18963009
short term memory issues	247592009
hands tingling	309086004
muscle pain lower back	279039007
afterpain	22253000
passing blood and clots with stoals	405729008
charley horses in feet	54981004
sore cheek muscles	68962001
calf cramps	250084002
terrible pain in shoulders	45326000
couldnt remember anything	386807006
overall weak feeling	13791008
menstrual cramps	431416001
legs ached	10601006
calf muscles painful to touch	300954003
sleepless nites	193462001
pain in chest	29857009
pain is so intense	76948002
legs are sore	10601006
co-enzyme q	77424011000036100
tremors in right hand	26079004
blood pressure elevated	24184005
gi distress	162076009
my hips hurt on both sides	49218002
leg muscle discomfort	68962001
tiredness in leg	80449002
i simply could not walk	282145008
aches and stiffness knees	249913002
taking one's appetite for sex away	8357008
loss of endurance	248277009
finger joint pain similar to arthritis	57676002
muscle aches in legs	68962001
very off balance	387603000
bleeding has not subsided	131148009
gaining excess weight	8943002
malaisse	367391008
shrinking muscels neck	88092000
problems with various muscles	129565002
neck pain up to the back of the head	81680005
slightly heavier menstrual cycle	386692008
lipitol	3877011000036101
naseua	422587007
major cramps	55300003
very, very tired all the time	224960004
cholesterol has been high	166830008
so much pain	76948002
loss of concentration	60032008
feet numbing	309538000
no energy	248274002
irritability	55929007
struggling walking too far	228158008
restless leg syndrom	32914008
pain severe	76948002
skin rash back of my neck	271807003
bottoms of my feet hurt	47933007
myocardial infarction	22298006
terrible pain in hips	49218002
depressed	35489007
lack of ability to concentrate	60032008
deeper muscle twitches on arms sides	60238002
constant gas	162076009
gerd	162076009
muscle weakness in my legs	309774006
aching muscles in back	161891005
bleed	131148009
pain between my shoulder blades	279038004
lazyness (i don't feel like doing anything)	277521002
cramping in wrists & hands	250082003
flu symptons	95891005
simvastatin	21242011000036102
limits my ability to walk	228158008
persistent triedness	267032009
had no energy	248274002
shrinking muscels arms	88092000
twitching around my mouth	249966004
toe neuropathy	302226006
severe pain in arm	102556003
forgetful	55533009
could barely walk	228158008
horrible gas	267052005
wanted to vomit	422587007
put weight on suddenly for no reason	8943002
slightly elevated cpk	166717003
charlie horses	54981004
pain in shoulder joint	267949000
muscle cramping	55300003
excessive cramping	55300003
unwarranted depression	35489007
in my knees joint pain	30989003
feeling of being in a fog	419723007
ache	22253000
pain in hand	53057004
vertigo	399153001
feel like shit all the time	367391008
twitching	249966004
lipiltor	3877011000036101
pravochol	3848011000036104
cholesterol went up	166830008
pulse is still extremely high	86651002
severe arthritis	3723001
muscle damage	129565002
tingling in my shins	62507009
